Duos For Violin and Cello,2000
Golden Boy Elvis,1981
Home,1995
Little Sweet Delirium,1996
Elvis Presley La Legende En Concert 1974 Recorded Live On Stage In Memphis,1999
Time For Two,2003
How It Feels to Be Something On,1998
Time Flies Anthology,2001
Waiting For Herb,1993
Great!,1987
The Soft Parade,1969
CD Type Thing,1989
All I Ever Wanted,1998
Clannad,1973
The Gray Race,1996
Bad Attitude,1984
Troy Dillinger and a Guitar,2001
Smash Hits,1968
Hits Out of Hell,1984
Premium Gold Collection,1996
Duets,1978
16 All Time Greatest Hits,1977
The Brothers Creeggan II,1997
Goddammit I Love America!!!,1988
David''s Album,1969
Precious Memories,1974
Barry McGuire Album,1963
Fighting,1975
Christiansongs,1999
Lifeblood,2004
Johnny The Fox,1976
Will Jesus Be Waiting,1969
Elvis Presley Programme Plus Vol. 2,1985
Hits and Rarities,1990
The Five Day Week Straw People,1969
Because He Lives,1992
Songs From The Sparkle Lounge,2008
A Different Beat,1996
Sonicflood,1999
Bagpipe Marches and Music of Scotland,1972
Home Among the Gum Trees,1996
On Record,1974
One Nil,2001
Elvis Images,1982
Turn Of The Tide,1981
16 Horsepower EP,1995
Elvis Presley Programme Plus Vol. 5,1985
Silver Bells,1965
Five Days In July,1993
Morning Orbit,2001
Broadsword and the Beast,1982
The Five Blind Boys of Alabama,1987
More...,1999
Love Bites,1978
The Love of Life,2003
Labour of Love,1983
Uncivilized Area,1998
Peace &amp; Love,1989
Rufus Wainwright,1998
Best Of The Rest,1982
American Traveler,2000
Tango Australis,1998
Trunks,2000
The EP''s 92-94,2001
Loves Just A Broken Heart EP,1966
Suspicious King,1995
Burnin',1973
Bedtime Stories,1994
Unmasked,1980
Box Car Racer,2002
In My Head,1985
Danzig II - Lucifuge,1990
Songs We Remember,2004
Broken,1992
I Will Stand,1997
Classic Red,1988
It''s A Matter Of Time,1993
Hello Nasty,1998
No Reservations,1989
Available in All Colours,1997
I Won''t Be Home Tonight,1987
Garage Days Re-Visited,1987
Indelibly Stamped,1971
Rainmaker,1999
REAL,2000
Wonder What''s Next,2002
From Here to Infirmary,2001
Greatest Hits,1995
Brother Sister,1994
ZooLook,1984
No Angel,1999
My Gemini Self,2003
The Upstairs Chronicles,2000
Once in a red moon,2001
Ballbreaker,1995
Hymns,1986
A Drug For All Seasons,2005
Contact,2002
Carving Wooden Spectacles,1989
Elvis Dallas Seventy Five Uncensored,2002
Telephono - MusicBrainz,1996
No Reason to Cry,1976
Gimme Back My Bullets,1976
Country Greats,1978
V,2001
Demons Run Amok,1997
Batch,1991
Coke Machine Glow,2001
With Teeth,2005
The Mission Bell,2005
Retrospective 1974-1980,1997
Strings ''n'' Things,1993
New Technology,2002
G.I. Hope You Like My New Album,1997
Asylum,1985
From Now On,2002
Yourself Or Somone Like You,1996
Ray of Light,1998
Runaway Sunday,1997
The Elvis Presley Story,1977
Tiny Tim''s Christmas Album,1996
Domestica,2000
Joan Baez In Concert,1988
The Best of Morrissey,2001
The Inevitable,1995
Phoenix Over Tennessee,1993
American Thighs,1994
Heart Songs,1965
The Plot Thickens,1994
You''ll Never Walk Alone,1971
The Great Spectacular,1975
The Singles - The First Ten Years,1982
Your Worst Enemy EP,1999
What Goes Around,2003
The Sky''s Gone Out,1982
The Brothers Creeggan,1995
Elvis Country,1971
Allies,1985
Help !,1965
Cargo,1983
Streetcore,2003
A Place in the Sun,1999
Greatest Hits,1981
Tim McGraw and The Dancehall Doctors,2002
Cattlemen From The High Plains,1988
Come Taste The Band,1976
Have You Never Been Mellow,1975
Your Cheatin'' Heart EP,1967
Art du bouzouk,2001
Live in Concert - Ballymena,1983
Ain''t Love Grand!,1985
Anniversary Album,1982
Give Me The Road,1976
Big Boss Man In Lake Tahoe,1993
Power Windows,1985
Kid A,2000
Modern Priscilla,1978
Real,1999
Get Born,2003
Maladjusted,1997
I-Megaphone,1998
Don''t Rock the Jukebox,1991
Shiny Beast Bat Chain Puller,1978
Nowhere To Here,1995
Southern Flavor,1988
Stop All The World Now,2003
07 Des,2002
Casanova,1996
A Night At The Opera,1975
Fade To White,1988
Silly Wizard,1976
Speech,1972
A Rush of Blood to the Head,2002
Liberal Animation,1991
Midnight at the Lost and Found,1983
Oops!... I Did It Again,2000
Champions of the World,1983
Wait For Night,1976
Double Dynamite,1975
Signals,1982
32 Film Hits Volume 2,1985
Farther Along,1971
Fabian Road Warrior,1996
Snafu,1974
Blue Rhythms,1983
La Croix d''Amour [IMPORT],1993
Together Alone,1997
Elvis A Legendary Performer,1983
Frankenchrist,1985
A Love Story,2003
Urban solitude,1999
Skylarking,1986
The ''56 Sessions Volume 2,1978
The Moon is a Bullet Hole,2000
Treasure the Questions,1987
Valley of the Mood,1989
Separate Ways,1973
BBC Radio 1 Live in Concert,1992
Kasmodiah,1999
Where Moth And Rust Destroy,2003
Strength in Numbers,1986
Rare As Love,2000
Got The Thirst,2003
Soon I''ll Be Done,1952
A Touch of Gold Volume 3 EP,1961
Gravity,2002
Radio Thrills,1979
Jar Of Flies,1994
America (Re-release),1972
LeAnn Rimes,1999
On Stage February 1970,1970
America''s Own Vol.2,1994
The Memory of Trees,1995
Elvis Aron Presley - Forever,1988
McLaren Furnace Room,1992
Swingin',1995
Every Good Boy Deserves Fudge,1991
The Savage Young Beatles In Hamburg 1961,1996
Regeneration,2001
Goddamnit,1998
Red House Painters II,1993
This Was,1968
Realized Fantasies,1992
Don''t Believe The Truth,2005
Heart Shaped World,1989
Slip Of The Tongue,1989
The Great Bill Monroe,1961
Telling Tales,1999
October,1981
20th Century Masters - The Millennium Collection: The Best of Lynyrd Skynyrd,1999
To The Five Boroughs,2004
Elvis Presley Collection Treasures 1964-1969,1998
Paris,1980
Ah Wi Nus,2004
Just A Little Love,1984
Live Jazz,1988
Green Pastures,1987
At His Best,1989
Chrome,2001
The CD Singles ''88-91',2000
Peter Gabriel 1 - Car,1977
Las Vegas Dinner Show,1992
The Freewheelin'' Bob Dylan,1962
Country Memories,1978
Sign O'' The Times,1987
HyBreed,1996
Blackwater,1996
The White Elephant Sessions,2000
U Never Can B 2 Straight,2002
Universal Mother,1994
Speckled Bird,1994
A Farewell to Kings,1977
In Concert With The Edmonton Symphony Orchestra,1972
Passion,2005
ABBA Gold - Greatest Hits,1992
Heartbreak Hotel,1981
Freaked Out and Small,2000
Leavin'' It Up To You,1980
Iron Maiden,1980
The Open Door,2006
These Four Walls,2006
Bluegrass Time,1967
16 Gospel Super Hits,2000
More Fun in the New World,1983
Singer Sower,1983
Mummer,1983
Dick Tracy : I''m Breathless,1990
LP2,1995
Meteora,2003
No Protection: Massive Attack Vs. Mad...,1995
The Lasses Fashion / Jock Tamson''s Bairns,1996
Off The Ground,1993
Live In Hyde Park,2004
I am...,2002
Elvis The Long Lost Home Recordings,2002
It''s Midnight,2002
Salute,1992
Hotwired EP,2002
Vs,1993
Written In The Stars,1993
Legendary Magic of Elvis Presley,1980
In Dreams: The Greatest Hits,1989
Sabbath Bloody Sabbath,1973
Rumor Has It,1990
Life''s Rich Pageant,1986
Stirling Bridge,1993
Sins EP,1994
Nevermind,1991
Californication,1999
Icon,1993
Live from New Orleans,2003
Undisputed Country,1998
Sher-Oo,1968
Bachman-Turner Overdrive II,1973
Le Celebri Cornamuse Scozzesi,1984
Symbol,1992
Caribou,1974
Xylem Tube EP,1993
Vegas,1997
Power,1986
Morning View,2001
Licensed To Ill,1986
Beneath the Remains,1989
Waikiki presents ...,2000
What''s Your Name,1997
Zoom,2001
Postcards from Heaven,1997
Grow Fins,1999
Issues,1999
Labour of Love III,1998
Nar,1994
Cryin'' Holy Unto The Lord,1991
Songs of the Mountain,1968
Leh Sebtaha,2001
Like a Prayer,1989
Diluting The Gene Pool,2005
The Queen is Dead,1986
Portrait of the Artist - 22 Legendary Hits,1995
Benny Hester,1978
Yield,1998
Trailer,1994
Wood Head,2003
Hope Springs Eternal,1997
Slow Motion,2002
Dead Ringer,1981
Eye of the Beholder,1990
Alive 1997,2001
The Beatles'' Story,1964
Trade Test Transmission,1993
Viva Las Vegas EP,1964
Power of The Dollar,2000
Music @ Work,2000
Origin of Symmetry,2001
Two Days at Shiloh,1992
The Beatles Christmas Album,1970
Elvis Volume 2 EP,1956
Soon Over Babaluma,1974
Comic Book Heroes,1974
Unreleased Emotion,1998
PIAF The Songs and The Story,1982
Wake Up And Smell The Coffee,2001
Nebraska,1982
Prime Mover II,1998
Goldfly,1997
One Step Ahead,2003
Overture and Beginners,1973
The Process of Belief,2002
Do You Think About Me?,1997
Canada Songs,2003
Memories of Christmas,1982
Follow The Reaper,2000
Women and Children First,1980
Vauxhall and I,1994
Suzi...and Other Four Letter Words,1979
Walking Through Fire,1986
The Wild One:Classic Quatro,1996
Perennial Favorites,1998
My Own Peculiar Way,1969
Light Years,2000
Elvis is Back,1960
Close Up,1972
Girl Happy,2003
Original Hits,2000
Let''s Be Friends,1970
The Live Set,1987
The Man Comes Around,2002
Double Collection,1974
Always On My Mind Ultimate Love Songs Collection,1997
Spotlight Kid,1972
Foolish Behaviour,1980
Underneath the Colours,1981
Paradise,1996
Snakebite,1978
Press To Play,1986
Phantom Power,1998
For All My Little Friends,1969
The Division Bell,1993
And Here She Is,1961
Off The Wall,1979
Reel Music,1982
Elvis Presley La Legende Romantique 1962-66,1998
The Country Way,1969
Hear What I Say,1989
The Million Dollar Quartet,2002
Last Night I Had The Strangest Dream,1971
Heartbreak Hotel EP,1956
Face The Music,1975
Falso,2002
The Holy Bible,1994
With Footnotes,1974
Apple,1990
Fiya Bahlin',2001
Brave New World,2000
A Present For Everyone,2003
Lionheart,1990
Here''s Willie Nelson,1963
The Moon is Down,2001
Seal,1991
Hunky Dory,1971
Tiny Tim''s Second Album,1969
Want Two,2004
Live At The Royal Albert Hall,1993
Wish,1990
Verkligen,1996
Roots To Branches,1995
Rock N Rollin Suzi,1995
Smashes Trashes And Hits,1988
91 Over 50,1996
Dillinger - Live at Antone''s,2003
Warriors of The World,2002
Elvis The Collection Volume 2,1996
SOUThHEART,2003
That''s The Song We''re Singing,1992
In Between Now and Then,2003
Vegas Birthday Show,1993
Sick Transit Gloria Mundi,2002
Permanent Waves,1980
Having Fun on Stage With Elvis Volume 4,2001
Book of Days,1989
Elvis Presley By Request,1985
Paranoia e Potere,1995
Into The Unknown,1983
Some Things Never Change,1997
Regeneration,1975
Restless Eyes (Australian Release),1981
The Mountain,1999
Angelfish,1994
Life,1983
Judas O,2001
Killing Time,1992
Stress Echo,2005
Symbol of Life,2002
The Musicals,1996
Revolver,1966
Play the Sweet Music,1976
Tarkus,1971
Carry Me Across The Mountain,2000
MTV Unplugged,1996
Mer de Noms,2000
The Last Stage,2004
Early Morning Onward,1972
G.I. Blues Anniversary Edition,1995
Mercedes Five and Dime,2000
Carry Me Back To Old Virginia,1995
Your Spectacular Light,2003
Obscured By The Clouds,1972
Ramblin Rose,1970
Pick Yourself Up,2003
Fillet Show,1991
Let Me Entertain You,1996
Oranges and Lemons,1989
Fireball,1971
Heavy Haulers,1991
Suzi Quatro / Quatro,2000
Breathe In Breathe Out,1998
Final Daze - The Attack,1966
Mirror Man Sessions,1999
Winds of Change,1995
Say What You Will Clarence...Karl Sold The Truck,1984
X,1990
Man With A Mission,1992
Adventures Of Women And Men Without Hate In The 21st Century,1989
All Kinds of Everything,1981
Legacy,2001
Acrobatic Tenement,1996
Pray For Rain,1992
Burning In Birmingham,1998
Het Mooiste Van Elvis Presley,1990
Songs,1996
Horse With A Heart,1989
Green,1988
Adore,1998
First Impressions,1974
Johnny 99,1998
Kerplunk,1991
Emotion is Dead,2000
Singer Presents Elvis Singing Flaming Star and Others,1968
X-Posed,2002
.38 Special,1977
Stay Away Joe EP,1982
I''m Alright,1998
Third Day,1996
Make Believe,2005
In Reverie,2003
Live Radio,2000
Underdogs,1997
Think of Pleasant Things,1999
Lead Me Guide Me,2001
True Blue,1986
Survival,1971
Black Market Clash,1980
Reg Strikes Back,1988
It''s About Time,2003
Goose Grease,1976
Morningrise,1996
Back At The Falls,1994
The Man In White Volume 4,2003
Golden Feelings,1993
Blazing Into The Darkness,1998
The Happiest Place In Town,1988
Anyone Who Had A Heart EP,1964
It Won''t Seem Like Christmas Without You,1982
Weezer,2001
Chris Isaak,1986
Flowers,1967
C''mon Everybody,1975
Night Life,1974
It''s Personal,2004
1977,1996
Joan Baez In San Francisco,1964
Counterparts,1993
Last Night In Town,2001
Drukqs,2001
Read My Mind,1994
Last Concert In Japan,1977
Super Hits,1998
Ege Bamyasi,1972
Wasp Star (Apple Venus vol. 2),2000
Legend,1987
Born Tired,1997
Born To Give Us Fever,1995
Sour Pie,1996
...All This Time,2001
Tickle Me EP,1965
Troy Dillinger and Del Dragons - Fine So Far,2000
Hell Among the Yearlings,1998
NoFx,1985
River of Madness,1995
Never Turn Your Back on a Friend,1973
2112,1976
We Will Be Dead Tomorrow,2002
Greatest Hits,2004
Maybe You Should Drive,1994
Untangled,2000
Girl,1996
The Key,1998
Morrison Hotel/Hard Rock Cafe,1970
No Worse for the Wear,1994
Live: What You And I Have Been Through,2002
The Final Cut,1983
Flaming Red,1998
The Waking Hour,1984
Israel Tapes,1980
Different Stages - Live,1998
Young Americans,1975
Kill the Moonlight - MusicBrainz,2002
Elvis Presley 1 Laser Plus 20,1989
Lights of Madrid,2000
Country Classics,1980
Brotherhood,1986
The Phil Keaggy Band - Emerging,1977
Gaslight,1998
d:Tour 1997 Live,1998
Dust On My Shoes,2001
Let Me Be There,1973
The River,1990
The Late Great PFR,1997
Animosity,2001
The Elvis Broadcasts On Air,2002
1994,1994
Punkreas 1990-1993,1997
Greatest Hits,1967
Landed,1975
Wings,2004
Morning Symphony Ideas,2000
Love Me Tender,1988
Luna Meets the Forest,2001
By The Way,2002
20 Greatest Hits Vol. 1,1981
Nobody''s Got It All,2001
Rancid (2000),2000
20 Years of Electronic Avantgarde,2007
16 All-Time Favorites,1977
Bloom,1996
Chelsea,1970
Darkhorse,2002
Texas in My Soul,1968
Let Me Rock You,1982
Back From Rio,1990
Friar Tuck and his Psychedelic Guitar,1967
What If,1978
End Of Heartache,2004
Christmas Caravan,1998
The Real Deal,1996
Eyes To The Sky,1975
End Is Forever,2001
Another Music in a Different Kitchen,1978
The Best Of Michael Ball,1995
Welcome To The Freak Show: DC Talk Live In Concert,1997
Absolute Torch and Twang,1989
Presidents of the United States of America,1995
Hang Time,1988
Legendary Concert Performances,1978
The Essential Bill Monroe and the Monroe Brothers,1997
Closing Time ''Til Dawn,1969
Gaia One Woman''s Journey,1994
The Burial Plot Bidding War EP,2000
Sunday Morning to Saturday Night,1997
20 Greatest Hits,1982
33 1/3,2000
Killers,1982
The Very Best Of,2001
Crying,1962
Secret Samadhi,1997
Free Fall,1977
Historia De La Musica Rock,1982
Criss EP,1993
Command Performances,1995
Blue Grass Special Memories,1999
III,2002
The Comeback Stars,2004
Let It Be...Naked,2003
For Here or To Go,1982
Shades of Sadness EP,2000
Rich Mullins,1986
Lost Dogs and Mixed Blessings,1995
Home Fires - Living in the Circle,2005
Metallica,1991
Washing Machine,1995
The Hotel Child,2000
McCartney II,1980
Favorites,1965
Far From Silent,1999
Moonlighter,1995
Kahimie Karie,1998
Whispering Hope,1992
To Be Frank,2001
Music As A Weapon II,2004
Chronicle Vol. 1: The 20 Greatest Hits,1976
Rush,1974
Elvis Presley La Legende Romantique 1957-60,1998
Elvis Remastered With Bonus Tracks,2000
Follow That Dream EP,1962
Like a Virgin,1984
The Fastest Guitar Alive,1967
Maxinquaye,1995
I Know Who Holds Tomorrow,1994
Other Voices,1971
Azharina,2003
Shaming of the Sun,1997
One Day At A Time,1997
Dudu,2003
Cowboy in Flames,1997
The Snake,1995
Stewed,1980
Ocean Avenue,2003
KISS Box Set,1998
Slim Dusty Sing Song,1962
Stateline California,1995
Red,1998
Adiwarna,1998
Waking Up With The House On Fire,1984
Re-Load,1997
Best of Pixies: Wave of Mutilation - MusicBrainz,2004
Polka Party,1998
Songs In The Saddle,1963
Check Your Head,1992
Tuesday Night Music Club,1993
Beneath The Folds Of Flesh,2002
Commodore Rock Ep,2000
Island Angel,1993
Ozzmosis,1995
Your Arsenal,1992
Live At The Santa Barbara Bowl (2005),2005
Such A Night EP,1975
Delta Nove,2002
Live,1974
Pictures In The Sky,1987
Nar el Ghera,2002
The Alphabetchadupa,2002
Slim Whitman Vol 2,1981
Pump Up The Valuum,2000
Night of the Stormrider,1992
A Girl Called Dusty,1963
Don''t Talk About Love: Martyn Joseph Live 92-02: Volume 1,2001
Head First,1983
My Own Prison,1997
Hymns Instrumental,1989
John Williamson,1970
Tucson ''76,2002
Babylon by Bus,1978
Guthro,2001
Swing the Heartache: the BBC Sessions,1989
Best Of,1996
Little Earthquakes,1991
Seals the Sense,1994
Perfect Strangers,1984
Complete 1952 Verve Sessions,2003
Las Vegas Fever Volume 1,1991
The Milkweed EP,2002
Transplants,2002
Snowbird,2000
71 Summer Festival Dinner Show,1995
Crimes In Mind,1985
Wide-Eyed Wonder,1989
Final Exam,1978
You''ve Lost That Lovin'' Feelin',2001
Shenandoah,1987
White Blood Cells,2001
Live At The Fillmore - February 1968,2000
Rose Marie,2005
Metallica: Creeping Death - Jump In The Fire,1990
Live at the Roxy Club,1989
Hey Zeus!,1993
Pure Diamonds Volume 2,1989
Come Home,2006
Street Survivors,1977
Ruining It For Everyone,2002
Buy Now... Saved Later,2000
Blue Highway,1985
Singles,2000
Dressed To Kill,1975
Rock Ballads,1990
Grace under Pressure,1984
Tom Jones and Jools Holland,2004
Steers and Stripes,2001
Elvis Forever Vol. 3,1982
Rock Island,1988
And Stars Of The Bluegrass Hall Of Fame,1985
His Hand in Mine,1960
London Calling,1979
Spring the Summer Long,2002
Betchadupa,2000
Seeds,1973
Hybrid Theory,2000
From The Waist Up,1976
Preflyte,1969
Maybe I''ll Catch Fire,2000
Edge of Forever,1999
Amazing Grace,1979
And Then You''ll Beg,2000
Brand New Day,1999
It''s No Secret Anymore,1999
Waiting for a Girl Like You,1999
Lookin'' Back,1999
Catfish Rising,1991
Vagabonds of the Western World,1973
Seven Ways To Scream Your Name,2003
Wala Lilah Wala Youm,2003
Cut Up the Floor,1996
In My Hands,1999
Over All the World,1990
Emperial Live Ceremony,2000
Come To Daddy EP,1997
Super Black Market Clash,1994
Time''s Incinerator,1986
Gothic,1991
For Aussie Kids,1998
Real,2001
At Home with You,1981
Liverpool Sound Collage,2000
Both Sides of the Tracks,1987
From Hollywood To Vegas,1974
So Many Partings,1980
For Monkeys,1997
Out Of Time,1991
A Series of Sneaks - MusicBrainz,1998
Definitely Maybe,1994
A Passion Play,1973
Roll Away The Stone,1980
Audio-Visions,1980
Greatest Hits Volume 2,2006
Forever For Now,1977
Chapter VI,1992
In the Life of Chris Gaines,1999
Law Sa''aalouk,1999
Genuine,1992
Stage and Screen,2001
Scarecrow,2001
July 1956 Sampler,1956
Heavy Horses,1978
'Quote'' Unquote: The Sixties Interviews - Vol. 2,1998
Keep it Together,2003
Alive!,1975
Caminando en la Luz,1994
Yellow,1999
A Lifetime in One Day,1995
The Orbison Way,1966
Low-Life,1985
Dawn of a new century,1999
Diamond Mine,1989
Back to the Known,1984
Xpectation,2003
Brand New Heavies,1990
Then and Now,2000
Anarchy,1994
I am the Cute One,1993
Closer To Home,1970
Monumental Funk,1974
Flogging a Dead Horse,1980
Swamp Ophelia,1994
Olivia Newton John,1971
Rastaman Vibration,1976
Memorial Beach,1993
Diary Of A Madman,1981
Eight Teeth To Eat You,2002
Yeah!,2006
You''re My World,1970
Choo Choo Hot Fish,1992
Firefly,1977
Lick your Ticket,2004
Super Trouper,1980
Berlin - A Concert For The People,1982
Recipe For Hate,1993
If Not for You,1971
Dedalus,1993
More,1969
First Band On The Moon,1996
Love Songs and Prayers (A Retrospective),1995
Kelima,1995
American Psycho,1997
Trouble,1978
The Rainbow Children,2001
None So Live,2003
Strangers,2000
Sense,1992
Fresh Fruit for Rotting Vegetables,1980
The White Stripes,1999
Shoes EP,2001
A-Sides,1997
The Trees Are Dead And Dried Out Wait For Something Wild,2003
Restless Heart,1997
Greatest Hits,1999
Tidal,1996
Vol. 1,1981
Weary Traveller,1976
Loving Every Minute,2001
Elton John and Tim Rice''s Aida,1999
Matkhafesh,1990
The lion and the cobra,1987
Rock The Plank,2001
Not a Moment Too Soon,1994
Pure Country,2000
Elvis'' Greatest Shit,1980
In Their Own Words: The Lost Beatles Interviews,1995
Old Raincoat Won''t Ever Let You Down,1969
Rising,1976
Enema of the State,1999
Paul Young,1997
The Project Live,2001
Bluegrass Instrumentals,1965
Hemispheres,1978
Original Flava,1994
Shil Oyounak Ani,2001
Sing Me Back Home,1968
Will and the Kill,1988
New and Improved,1999
Crimson &amp; Blue,1993
Dizzy Heights,1996
Powerline - The Best of Lee Aaron,1992
Dream Come True - The Best Of The Acid Jazz Years,1999
Can''t Take Me Home,2000
Good One,2006
Out Of The Vein,2003
Gospel Alpha Mega Funky Boogie Disco Music,2002
Those Damn Bandits,1997
Songs 2,1999
Amazing Sound Of The Pipes And Drums And Military Band Of The Royal Scots Dragoon Guards,1972
In The Shadow Of A Legend,2001
To Venus and  Back,1999
Mayal,1988
Dirty Mind,1980
International Anthems for the Human Race,1999
Pasir Putih,1992
Under Their Influence,1991
A Link with The ''45,1995
The Very Best Of Kiss,2002
Out Of The Blue,1977
Forgive &amp; Forget Volume One,2005
Elvis An Afternoon at The Hilton,1999
In for the Kill,1974
Trouble Walkin',1989
Best Live,2001
Inspired in Belfast,2001
The Downward Spiral,1994
It Just Seems Right EP,2002
Love Letters From Elvis EP,1969
Combat Rock,1982
Resolution,1997
Eldorado,1974
Free,1993
You''ll Never Get To Heaven If You Break My Heart,2001
Best Of Volume 1,1996
Zebra,1994
Van Halen,1978
Far Away Places,1987
Things We Said Today,2000
Almost in Love,1970
Duran Duran,1981
So Long And Thanks For All The Shoes,1997
Worldwide Gold Awards Parts 1 and 2,1974
Stormwatch,1979
Diaries of Love and War,2006
Live Between Us,1997
In Through the Out Door,1979
Do-Re-Mi EP,1982
Third Eye Blind,1997
Moon and Antarctica,2000
Tooting Broadway,2000
Having Fun on Stage With Elvis Volume 1,1994
Starkers In Tokyo,1997
I Am the Portuguese Blues,2004
A Thousand Memories,1995
Orbis,2002
Industry Standard,1982
The Decade Remixes,1989
High and mighty,1976
Elvis Mania,1994
Tightrope,1979
From Vegas To Macon,1998
Lovehunter,1979
Wake Up Little Suzi,2003
Luxx,1998
Live From The Fall,1996
Steamroller Blues,1994
Live On Two Legs,1998
The Pipes are Calling,1997
Red Dirt Road,2003
The Bee Gees Sing and Play 14 Barry Gibb Songs,1965
Danity Kane,2006
Australia Calling - All the Best Vol 2,1992
Live from Europe,2000
Season''s Greetings From Vegas,1994
Some Kind of Zombie,1997
Takin'' the Country Back,1997
Gathering Place,1985
The Pipers'' Welcome,1972
Face to Face,1987
The Ruby,1997
Queen,1973
Believe In Nothing,2001
Empty Sky,1969
A Scottish Soldier,2003
Maximum Priest,1999
Beyond the Season,1992
Pixies,2002
Too Tough to Tame,1990
1984,1984
Bleach,1989
Live at the Wireless,1997
Australia,2000
Like a Hurricane,1987
How Ace are Buildings,1997
Shades of God,1992
Saturate,2002
People Are Strange,1986
Bellybutton,1990
Walls Of Glass,1983
Dare to be Stupid,1985
Loudon Wainwright III,1970
Blue,1999
Live at Speakeasy April 18,2001
Northpoint,2004
Live,1998
Jet Sounds,2000
The Hustler,2005
The Best of the Best of Red Sovine,1991
Find Me In These Fields,1990
Tiger Man,1998
Classics 1950-1952,2004
Promenade,1994
Winter Fish Testosterone,1996
Live At Clark University,1999
A Strange Kind Of Terror EP,2004
Evil Empire,1996
Two Hearts,1985
Unelectric,2000
Gone To Earth,1977
Come Away With Me,2002
One Step Beyond,1979
www.pitchshifter.com,1998
Hot In The Shade,1989
Greetings from Asbury Park NJ,1973
Classics 1945-1950,2003
Soul Kiss,1985
Unclogged,1995
Stop the Bleeding,1990
Pinkerton,1996
Greatest Hits,2002
Off the Deep End,1992
Metal Rhythm,1988
Pablo Honey,1993
AD Live,1998
Twenty,1997
Jazz Funk,1981
Superunknown,1994
Bounced Checks,1981
Semantic Spaces,1994
A Dear John Letter,1967
Father I Stretch My Hands to Thee,1965
The Lake Vernon Drowning,2005
Getting by on the Good Times,1998
Live on Tour,1997
Welcome To The Show,1990
Liberation,1993
Slim Whitman Sings Vol 2,1959
Unsurpassed Master Vol. 2,1992
Collected Works,1981
Live at La Zona Rosa April 14,2001
Alice in Chains,1995
Fountains of Wayne,1996
Bury The Hatchet,1999
Nigel Kennedy Plays Jazz,1984
Your Little Secret,1995
Killin'' Time,1989
The Boys of the Lough,1973
Anytime,1970
ABBA,1975
In Pictures,1995
Psycho Circus,1998
Above,1995
Hydroponic,1992
Elton John,1970
Eleven,2005
Creature,1997
Field Commander Cohen,2001
Worldwide Gold Award Hits Parts 3 and 4,1977
Flowers In The Dirt,1989
The Scabs - Freebird,1998
Signs Of Change,1978
Past Masters Volume One,1988
A Valentine Gift for You,1985
In The Volume Of The Book,1975
Honey to the B,1999
Greedence Gold,1973
A Hot Winter Night In Dallas,1998
Ropin'' The Wind,1991
No Sad Faces,1984
Live at Budokan,2002
A Mi Manera,2001
Tomorrow Come Today,2003
Nothing Better,1977
Easter Special,2002
Budakhan Mindphone,1999
gfc 2,2004
Blood Sugar Sex Magik,1991
Prometheus - The Discipline of Fire and Demise,2001
Blast Off,1989
Elvis Presley Collection Treasures 1953-1958,1998
If I Were Brittania I''d Waive the Rules,1976
All The Best,1987
In Concert/Live Rhymin',1998
Are Ye Sleeping Maggie,1974
Rescue You,1985
Lovesexy,1988
Celebrate This Heartbeat,1984
Damnation,2003
Apollo 18,1992
Inside Life,1991
MY STORY,2004
Not Fragile,1974
Blood Money,2002
White Music,1978
Beyond The Valley Of The Murderdolls,2002
The EP,1979
The X Factor,1995
Stories I Wanted To Tell,1986
Gutter Phenomenon,2005
Too Hot To Handle,2001
Budgie,1971
Meet the Blind Boys,1994
Busted Stuff,2002
Secret Garden - Dreamcatcher,2001
It''ll Come Back,1974
His Songs of Inspiration,1977
Endless Seasons,1995
Paint The Sky With Stars,1997
Promo,1999
Free All Angels,2001
Scotland''s Best - Highland Pipes and Drums,1999
Long Way From Paradise,1989
St. Anger,2003
A Change of Seasons,1995
Elvis Presley 1 Laser Plus 19,1989
Ask Me Tomorrow,1996
Famous Last Words,1983
In The Spirit Of Things,1988
PNYC,1998
Best Of Budgie,1975
Elvis Latino!,1995
Michael Ball,1992
Let''s Go Faster,1990
The Death of a Dictionary,1989
Country,1980
Hi-Fi Serious,2002
New Found Glory,2000
Greatest Hits III,2002
Something About Airplanes,1999
Maximum Rocknroll,1992
International Heatwave,1991
The Best Of KISS The Millenium Collection,2003
Red Hackle in Concert,1997
White Lies,2001
Into the New,2000
Is It Love,1965
Put Your Weight On It,1998
A Saucerful of Secrets,1968
Happenstance,2004
Deeper,2000
From Sunset Blvd To Paradise Rd.,1996
Music Circus,1989
Hotter Than Hell,1974
Against,1998
Good Times,1974
The Scabs - bombtracks,2000
Live Bootleg,1995
Bandolier,1975
Ian Moore Action Company: Via Satellite,2001
Big Time,1997
California,2001
Hydroponic,1999
Tom Tom Blues,1995
Bill Monroe And Charlie Monroe,1969
The Battle Rages On,1993
Gold,2002
Building The Machine,2001
Unadulterated Recordings,1997
Somewhere in Time,1986
Live at La Zona Rosa,2004
Nagham El Hawa (CD 1 &amp; 2),2000
20 All Time Favourites,1981
Healing Rain,2004
Chaos A.D.,1993
Ver.0.01,2001
Blackwater Park,2001
20 Greatest All Time Gospel Hits,2003
Wandering Australia With John Williamson,1998
Moon Safari,1998
Bitter And Twisted,2000
Bluegrass Special,1962
Victim of Love,1979
Pure,2000
How Great Thou Art,1967
Elvis An Double Feature,1989
The Singles,1998
Choba B Cccp - The Russian Album,1988
What If It''s You,1996
Swordfishtrombones,1983
Innocent Victim,1977
Danzig 4,1994
Nightcap:The Unreleased Masters 1973-1991,1995
Tierra,1998
Different World,1991
Fanfare for the Comic Muse,1990
Pieces of My Life,2005
Sings Bluegrass Body And Soul,1977
ayu-mi-x III Acoustic Orchestra Version,2001
My Kind of Christmas,2000
Prolonging The Magic,1998
In A Mellow Tone,2001
What Matters,2001
More Love Songs,1986
A Day Without Rain,2000
ELP In Concert On The King Biscuit Flower Hour,1997
I Brought Him with Me,1995
Beyond the Stars,2004
Bee Thousand,1994
A Yaqui Way of Knowledge,1991
Stand You Ground,1981
Too Late to Cry,1987
Kyouiku,2004
16 Greatest Truck Driver Hits,1978
Stasera Resta Con Me,1995
With The Beatles,1963
Animal Grace,1984
This Business of Art,2000
4,1981
Silver,1992
Absolutely the Best of Slim Whitman,2005
Dehumanizer,1992
All You Can Eat,1995
The Woman I Am,1992
Virtual XI,1998
Pronounced Leh-Nerd Skin-Nerd,1973
Better,2001
The Magicians Birthday,1972
Slowhand,1977
Matrika,2004
Axis: Bold As Love,1968
Sonic Origami,1998
And More,1989
Live In Virginia,1990
The Wild Heart,1983
The Offspring,1989
Under Cover,2005
Trying To Get To Memphis,2005
Tornado From Vegas,1991
The Best,1982
New Deal,2002
The Hillbillycat 1954-1974 Vol. 1,1974
WacoWorld,1999
Amateur Shortwave Radio,1999
The King Of Entertainment,1993
Janny,1976
New Beginnings,1989
Unsurpassed Masters Volume 4,1993
War Child,1974
Confessions on a Dance Floor,2005
Rockabilly,1980
Harramt Ahebak,1999
Auld Lang Syne,1995
Elvis Presley Collection Love Songs,1998
Live Recordings 1956-1969 Off The Record,1993
Scottish Rant,2000
Things I See Around Me,1976
Revolution,2003
Tangled Souls,1998
Fresh Horses,1995
Sevens,1997
Paranoid,1970
C.C.Catch - Classics,1991
The Lazarus Heart,1994
French,1996
Greatest Hits Vol. 1,2001
Plastic Surgery Disasters,1982
Pressure Chief,2004
Bedlam,1973
Bad Religion,1981
Mazturnation,1995
Coda,1982
Live at Wembley,1987
Out Of Tune,1998
Stanley Road,1995
A Single Man,1978
Famous Monsters,1999
Portrait D`Une Legende Vol. 1,1987
Kaleidoscope Superior,2000
Pink Cadilac,1979
Inside,1986
Spinout,1966
Ballade kurde à Seville,2000
Live at Passim''s,1975
Dancing to the Oldies Volume IV,2002
We Didn''t Say That!,2000
The Name of This Band is Talking Heads,1982
Cutting Edge,1998
QE2,1980
Primitive,2000
Octavarium,2005
The Best of Altan,1997
Sunrise,1979
1st,1983
Feelings,1981
Servant Of Secret Places,2003
Scotland the Brave,1995
Backless,1978
Drag,1997
In/Casino/Out,1998
If I Should Fall From Grace With God,1987
Life Thru a Lens,1997
The Beginning Years,1983
Welcome To Discovery Park,2002
Mutations,1998
Effects of Madness,2001
Americana,1997
Bluegrass ''87,1987
Very Proud of Ya,1996
Conversations With Elvis EP,1982
The Sensual World,1989
Strictly Personal,1968
Conquering The Falls,1994
32 Film Hits Volume 1,1984
Olivia,1992
Kylie,1994
Dark Star Live,1992
Animalize,1984
On The BBC,1999
You''re My World EP,1964
Skynyrd''s First And... Last,1978
Nu-Clear Sounds,1999
Vivaldi The Four Seasons,1989
Equinoxe,1978
West of winton,2001
The Early Songs of Paul Simon,1972
Strangers,1974
Symphony Alive IV,2003
Play On...,2005
...And Justice For All,1988
Rockin'' Elvis The Sixties,1982
Led Zeppelin,1969
Kid Galahad EP,1962
Audioslave,2002
Party ''Til You''re Broke,1980
So-Called Chaos,2004
In Concert: MTV Plugged,1993
my big hero,1998
The Legend of Chin,1997
So Good Together (Europe Version),1999
Snow on the Sahara,1998
All-Time Favourites,1964
Welcome Back,1994
Van Halen II,1979
Lying to the Moon &amp; Other Stories,1999
Little Ship,1997
The Kick Inside,1990
Smash,1994
Killers,1981
Apple Venus vol. 1,1999
Steamrollin'' Charlotte,1994
Suspicious Minds Version 2,1982
Just For You EP,1957
Tincan Experiment,2000
Golden State,2001
Presence,1976
What Am I Gonna Do About You,1986
Works Live,1996
Aloha From Hawaii Via Satellite EP,1973
Release the Stars,2007
Batman,1989
Make Way for Willie Nelson,1967
A-TOM-IC JONES,1966
Love,2002
Head On,1975
John Prine,1971
Get Me Out Of Hollywood,1973
Bleach,1999
Road to Town,1978
Gracias Por La Musica,1980
Flashback: Best of .38 Special,1987
Wild Gift,1981
Badmotorfinger,1991
Live - The 1971 Tour,2002
The Pearl,1994
Shakedown!,2001
Sevendust,1997
Balance Of Power,1986
Toxicity,2001
Bean Blossom,1973
Songs from a Room,1969
Acoustic Sketches,1996
Turn,1999
Crazy Nights,1987
Blessed Are the Sick,1991
Everybody Loves To Watch You Fail,2000
10,1988
Greatest Hits,1974
Jez Spencer: 4-Track Mind,1997
Run Devil Run,1999
Downward is Heavenward,1998
And All That Could Have Been.Still,2002
Fall To Pieces,2004
Good Rockin'' Tonight,1988
Pledge of Allegiance and Other Classic Narrations,2002
Social Studies,1999
Namaste Jake,2001
The Elvis Presley Collection  Country,2000
Ride The Lightning,1984
Live In Germany,1990
DUNE,1993
Country and Western Hits,1964
Runaway Train,2001
Weird Set,1995
Back Seat of your Cadillac,1994
Circle Slide,1990
UHF - Original Motion Picture Soundtrack,1989
New York Dolls,1973
Heyday EP,2000
Duty,2000
Clannad 2,1974
Precious,1996
The Better Life,2000
Freaky Styley,1985
Ill Communication,1994
This is Mountain Yodal,1970
The Visitors,1981
Diary,1994
NYC ''68,1998
Scrub,1997
The Battle Of Los Angeles,1999
Resolver,2000
The Very Best of Supertramp,1997
100th window,2003
His Songs Of Faith And Inspiration,1986
Content with Mediocrity,1999
Leave Here A Stranger,2001
Holding Down The Forth,2006
Jailbreak,1976
The Concerts in China,1982
Conspiracy No. 5,1997
Down the Road,2002
Gothic EP,1994
Encores,1963
Conspiracy of One,2000
Polkamania,1980
I Dreamed A Dream,2003
John Anderson 2,1981
Elvis 1978,1978
Exit Stage Right,2000
Carved From Empty Wounds,2000
In Rock,1970
Old Time Religion,1963
Good Singin'' Good Playin',1976
Load,1996
The World''s Not Big Enough,1977
Girls Can Tell - MusicBrainz,2001
Led Zeppelin IV,1971
Machine Head,1972
Come On Pilgrim,1987
Mansion Builder,1978
Prince,1979
Scotland: Red Hackle Pipes and Drums,1990
Four Wheel Drive,1975
12 x 5,1964
Full Rock Power,2002
Blue Jungle,1990
Rumours,1977
Elvis Presley Jailhouse Rock,1989
Definitive,2002
Whoever''s In New England,1986
Sweet Inspiration,1970
Christmas With Sovine,1978
Showcase,1961
Burning Love and Hits from His Movies Vol. 2,1972
Tokyo Warhearts,1999
Rasta Revolution,1974
Fashion Nugget,1996
Dude Ranch,1997
Kilts On Parade,1950
Tyr,1990
Elvis The Hillbilly Cat,1984
MY STORY CLASSICAL,2005
Top Acts In Vegas Vol.7,1995
Church Concert in New Orleans,1967
Raised On Rock,1973
Original Five Blind Boys of Alabama,1959
Nightflight,1981
Singing with the Red Wolves,1995
Octoberon,1976
Diamonds in the Rough,1972
Too Much Monkey Business The Guitar Man Sessions,2002
Nightfall,1987
Working Classical,1999
Pretty Hate Machine,1989
Version 2.0,1998
Elvis Presley La Legende En Concert Aloha From Hawaii Vol.1,1998
King Creole Volume 1 EP,1958
Vol. 4,1972
Hullabaloo Soundtrack,2002
No Frills,1978
Sing When You''re Winning,2000
Book of Rules,1973
Raging Speedhorn,2000
Your Songs,1985
Come Together,2001
Hymnsongs,2002
Pray Naked,1992
Replicas,1979
Here In The Real World,1990
We Won''t Stop,2003
Friends For A Lifetime,1998
Salvation,2004
Power Play,1982
Behind Closed Doors,1979
Elvis Presley La Legende En Concert Aloha From Hawaii Vol.2,1998
Wire,2004
Rockers,1981
Ellis Sings Elvis,1978
Don''t Stop Believin',1976
Such Blinding Stars for Starving Eyes,1997
Lonely Man EP,1970
Danzig III - How the Gods Kill,1992
Hear the Beatles Tell All,1964
Barbecue Music,2000
International Earthquake,2002
Get Down And Get With It,1998
Ingenue,1992
Night Rider  '61,2002
Greetings From Saginaw,1994
McCartney,1970
Modified,1999
Heaven Can Wait - The Best Ballads of Meat Loaf  - Vol. 1,1996
Live at the Marquee,1993
Troy Dillinger and Del Dragons - Live in Paris,1998
Gowan,1982
First 10 Years: 1986-95,1995
Event Number 8th,2000
Angel With A Lariat,1987
Shimmer,2000
Tested,1997
...and then I wrote,1962
Play Me Out,1977
Impeckable,1978
Start At Zero,2004
Carved In Stone,1995
The In Sound From Way Out!,1996
Bad Hair Day,1996
The Ghost of Will Harbut,2000
Bad Arguments,2004
Mad Season,2000
More Than You Think You Are,2002
Winning Losers: A Collection of Home Recordings,1994
Zion,2000
Intimate and Live,1999
Sold Out,1997
The High Lonesome Sound,1966
Secrets of Giving: A Christmas Collection,1999
Bet You Think I''m Lonely,1998
Classikhan,2004
The Swiss Army Romance,2000
Country Fine,1966
Whatever,1993
April Wine,1971
I Paralyze,1982
Elvis Presley La Legende Romantique 1967-70,1998
Warm and Tender,1989
ABBA - Live,1986
Revenge,1992
Monster Movie,1969
k  d lang 1997 Australian Tour Commemorative EP,1997
Crow,2002
Caress Of Steel,1975
Nothing''s Changed,1995
Ready An'' Willing,1980
Test for Echo,1996
Country Music Hall Of Fame Series,1991
This Is Tom Jones,1969
Return To Long Beach,1993
David Live,1974
Blue,1971
No Code,1996
If You Talk In Your Sleep,1994
Made In Europe,1976
Voice From the Mountain,1963
Slip It In,1984
Always,1991
Confessions,1991
Best of Amr Diab,2000
Solid Gold,1990
1987,2003
Lost,1999
Hawaiian Oddities,1992
Ev''rything''s Coming up Dusty,1965
Raw Power,1973
No Logic,1998
By Request,1986
Into The Light,2000
Slaves and Masters,1990
Candy from a Stranger,1998
Long Live Love,1974
Live at Hole in the Wall March 4,2001
Nothing is Sound,2005
Arc,1991
Maladroit,2002
Pipes In Concert,1966
Portishead,1997
Forum of Inglewood,2004
Corridors,1997
Seven,1999
Strangers By Night,1988
Damaged,1981
Born on a Pirate Ship,1996
Setting The Standard,2006
Singles,2005
Country Music Time,1966
The Eternal Idol,1987
Even in the Quietest Moments,1977
The Long Road,1992
Elvis Volume 1 EP,1956
We Yloumouni,1994
Viva Hate,1988
Elvis Presley Programme Plus Vol. 3,1985
Ultramega OK,1988
One Foot in the Grave,1994
This Is My Truth Tell Me Yours,1998
Back From Hollywood,1996
Love Broke Through,1976
Live,1997
The Joshua Tree,1987
King Biscuit Flower Hour Presents Streets,1997
Performance and     tails,1999
Always Never The Same,1998
Ocean Drive,1996
Full Colour Black and White,1997
Still I Can''t Be Still,1998
Forever Blue,1995
The Collection,1992
Copper Wires,1998
Standing On The Shoulder Of Giants,2000
My Island,2006
Hell''s Ditch,1990
Untouchables,2002
Aggro Phobia-1976,1976
If I Died a Legend,2003
E.C. Was Here,1975
More Greedence Gold,1973
Pogue Mahone,1996
None So Vile,1996
Here''s Patsy Cline,1965
Special Moments,1992
Britney,2001
You Are The Quarry,2004
Bird of Passage,2001
I Love You Perfect,1995
To God Be The Glory,1976
Steady As She Goes,1996
The Coheed and Cambria EP,2001
Armed and Dangerous,1986
Isle of Wight,1971
Medals,1985
I Care Because You Do,1995
The Eagles Greatest Hits Volume 2,1982
Both Sides Now,2000
P Ramlee - Ali Baba Rock  (Compilation),2000
Lift,2001
Piper at the Gates of Dawn (UK Release),1967
Now &amp; Then,2003
Space Ritual,2002
Spanish Eyes,1995
Country Willie His Own Songs,1965
Loaded Deck,1998
DUNE - Limited Edition,1993
By Request Best 20,1989
The Smiths,1984
Boyfriend,1989
Elvis Presley,1956
Black Sabbath,1970
You''ll Never Walk Alone,1963
Reba McEntire''s Greatest Hits,1987
Special Forces,1982
Unfinished Music No. 1: Two Virgins,1968
That Last Stage of Syphilis Really Caught Me By Surprise,2002
Soul Journey,2003
Faith And Courage,2000
Greatest KISS,1997
Down Colorful Hill,1992
Broken Barricades,1971
The Best Of Janny,1980
Change Your World,1992
Go Cat Go,1995
The King Will Never Die,1993
Dizzy Up the Girl,1998
Puressence,1995
Movin'' Toward Happiness,1971
truANT,2003
The Rise and Fall of Ziggy Stardust and the Spiders from Mars,1972
Tales of Creation,1989
No Control,1989
Charcoal Lane,1992
Life In The So-Called Space Age,1998
Back in Portland,1993
Elvis Presley The Collection Volume Four,1984
Free Fall Through Featherless Flight,1973
Get Back Togehter,1997
If You Can''t Give Me Love,2004
Bluegrass Ramble,1962
Details,2002
Eye Demo,1989
New Adventures In Hi-Fi,1996
Freedom,2000
Elvis Is Back Remastered With Bonus Tracks,1999
12 Stones,2002
The Hits 1,1993
Rockfish Crossing,1972
Madman Across the Water,1971
Live at the Marquee 1980,2002
Crest of a Knave,1987
Cool Water-Once in a Lifetime,1965
Universal,2006
Juxtapose,1999
Memories Of Elvis,1978
Mahalo from Elvis,1978
The Wolf,2003
The Weedkiller''s Daughter,1993
Originals,1982
Live One Night Only,2000
A Christmas Song,1992
The Ugly Americans - Stereophonic Spanish Fly,1996
604,2001
Cross Purposes,1994
Poses,2002
Lords Of Sounds And Lesser Things,2005
No More Tears,1991
Our Recollections,1996
Honey in the Rock,2002
First Glance,1978
Queen: Jazz,1978
Survival,1979
You Wanted The Best You Got The Best,1996
Only Trust Your Heart,1994
20 Greatest Hits,2002
Vinyl Confessions,1982
Congratulations I''m Sorry,1996
The Quiet Table,1999
A Cheap and Evil Girl,1999
Bramble Rose,2002
Mother''s Milk,1989
Second Album,1973
Titles,1982
Legacy of Brutality,1985
The Elvis Medley,1982
Together Again,1978
Caught in the Act,1997
Shoulder To Shoulder,1987
Open,2001
Deliverance,2002
Clicked Singles Best,2001
Greatest Hits,2000
Time,1981
Old,2003
He Made Me Worthy,1978
The Underground Groove EP,2002
Blaze,2000
V6,2002
Waitin'' on Sundown,1994
Gold of the King CD-3,2005
Daytona Demon,1998
Intergalactic Sonic 7s / Cosmic Debris,2002
Graduated Fool,2002
A Show of Hands,1989
Waiting for the Sun,1992
Glanost,1988
Spilt Milk,1993
Live Baby Live,1991
Silver and Gold,1997
The Best Years,1977
Acoustic Sketches Volume 2:  Freehand,2003
Especially For You,1998
Untitled,2001
American Idiot,2004
Sheryl Crow,1996
In Violet Light,2002
Lucky Town,1992
Elvis At Full Blast,1995
From Elvis With Love,1978
Yodeling Country Songs / City Hits,2001
The One Voted Most Likely To Succeed,1995
The Drums Are Back,1992
Eve 6,1998
Never Play Covers,2005
I''ll Go,1960
Speak of the Devil,1998
Houses of the Holy,1973
Attempted Mustache,1973
Another Aussie Sing Song,1963
Live the Life,1998
Special Delivery,1977
Die aktuelle Schaubude - Die Kult-CD der 70er &amp; 80er Jahre,2003
Days of Speed,2001
Live At CBGB''s,1999
Live From Roanoke,1995
Endangered Species,1994
Holiday Tribute To The King,1991
The Sound Of Vegas Vol 1,2006
Bongo Fury,1975
Paul''s Boutique,1989
Coming Home,1990
Magical Mystery Tour,1967
Live Album,1970
Readymades,2002
El Gran Orgo [EP],1997
The Movies,1998
Supposed Former Infatuation Junkie,1998
Elvis The Complete Bonus Songs,1983
Spoon and Rafter,2003
The Big Express,1984
Conquest,1980
Future Days,1973
Running For President,1996
Polaroid,1999
Last Call,1989
All Set,1996
Dummy,1994
Any Day Now,1968
Combo Tango,2002
Contraband,2004
A Dream Come True,1990
Fleetwood Mac,1975
Ragein,1995
Skin,2001
Direct,2002
Super Hits,2000
Underworld,1996
One More From the Road,1976
A Century Ends,1993
Carnival Of Souls The Final Sessions,1997
Kent (1995),1995
Roustabout,1964
Claro Que Si,1981
The Mark,2002
Roger McGuinn,1973
Outskirts,1987
It''s All About The Girls,1998
Blue Grass 1950-1958,1989
Oy Vey Baby,1992
Blues Traveler,1990
A Real Live One,1993
Crime Of The Century,1974
Slim Whitman Songbook,1988
Rancid,1993
Rockin'' April Fools Days,1992
Secrets Of Love,2000
The Buddha of Suburbia,1993
Grown Man,1996
Soul Rebels,1970
How to Dismantle an Atomic Bomb,2004
Rock Hard,1980
Trailer Park,1996
The First Album,1980
Soul Sessions,2003
At the Country Store,1985
Automatic For The People,1992
Come On Over,1976
Flap Your Wings,2000
Mezzanine,1998
The Fox,1981
Grand Funk,1970
Quatro,1974
August 1959 Sampler,1959
Alive In Jo''burg,2001
Impossible Princess,1997
Blue Grass Special,2001
Diamonds,1988
A Live One,1979
Big Calm,1998
Sololive:  No Kilt Tonight,1996
Something Wild,1997
Safe As Milk,1967
Under the Kudzu,1993
I''m a Lonesome Fugitive,1967
Look Forward To Failure,1998
Retrospective 1981-1987,1997
Meddle,1971
Northwinds,1977
Your Mama Won''t Like Me / Aggro-phobia,2000
Play Thru Me,1982
Live Evil,1982
Comic Strip Cowboy,1976
Poodle Hat,2003
Beautiful Midnight,1999
At The Hollywood Bowl,1970
Trio,1980
Suddenly Out of Nowhere,2004
Fire In Vegas,1993
Nafsi Akoon,2001
Sensational Red,1966
Addiction,1996
Vitalogy,1994
Thunder And Lightning,1983
Cut the Crap,1985
Monster,1994
Anniversary Album No 2 (1943-1993),1993
Out of Exile,2005
Insomniac,1994
Unrequited,1975
Cloudcuckooland,1990
A Voice From On High,1969
The Real Elvis EP,1956
Beatles For Sale,1964
Dogs In The Traffic,1991
Undrugged,1994
Walk A Mile In My Shoes,1992
Special Christmas Programming,1967
Elvis  In His Own Words,2002
It''s Now Or Never,1981
Princess Street Parade,1957
Ondo Saves the World,1993
The Savage Young Beatles,1964
Great Lengths,1995
Ten Thousand Fists,2005
Lost Songs 95 - 98,2001
Brand New Day,1996
Golden Road (In ABC Order),2002
The Pride O'' Scotland,1970
Greatest Hits,1988
The Raging Wrath of the Easter Bunny,1986
Bestial Devastation EP,1985
Step Up to the Microphone,1998
Storm Windows,1980
Broken Fingers,1998
Los Angeles,1980
I''m Already Home,2002
Solid Pleasure,1980
Cilla Black Especially For You,1980
The Essential Men at Work,2003
Four Minute Mile,1997
Live Aus Berlin,1999
Original Masters,1985
Mule Skinner Blues,1991
Town To Town,1981
As the Shadows Rise,1994
The Man In White Volume 1,2002
Change Of Habit EP,1984
Dead Man Walking,2001
Neurotic Outsiders,1996
Success Hasn''t Spoiled Me Yet,1982
Acoustic Archives,1998
The Pleasure and the Greed,2001
Just One More,2003
The idols with Sid Vicious,1994
Storm Of Glory,1995
Pearls,2003
Wish You Were Here,1975
The First Decade (1983-1993),1993
Ignition,1992
A Place Called Home,2003
Band Of Gypsys,1970
Elvis Presley Collection The Rocker,1998
Until the End of Time,2001
The Beatles Tapes V: 1965 Help Tour,2000
20 Greatest Hits Vol. 2,1982
Flower of Scotland,1992
Mark II,1970
Subsonic 6,2000
Timespace - The Best of Stevie Nicks,1991
Roll the Bones,1991
Rod the Mod,1981
What A Wonderful World,1968
And Friends,1984
Project,1983
The Road And The Radio,2005
Steady On,1998
Alive III,1993
Let It Be,1970
A Night on Earth,1990
For LP Fans Only,1959
Oddballs,2000
The Collected Works of Tourniquet,1996
Leily Nahary,2004
Never Say Die,1978
Polkasonic,1999
Domestic Harmony,1985
Beyond the Sunset,2005
Burning Love,1999
Running with Scissors,1999
A Truly Western Experience,1984
La cinquième saison,2005
Dare to Dream,1992
Opry Time in Tennessee,1976
Elvis Presley 18 Greatest Hits,1988
Just One Night,1980
The Chase,1992
The Beatles Anthology: 3,1996
Tin Machine,1989
The Essential John Anderson,1998
Destroyer,1976
Blue Elvis EP,1984
Republic,1993
I''ll Sail My Ship Alone,1965
From The Dark To The Light,1976
Sons of Kyuss,1990
Country Music Hall Of Fame,1971
Return to Fantasy,1975
El Corazon,1997
Secret Messages,1983
Petrol Head,1996
Powerhouse,1977
Lyve From Steel Town (CD 1),1998
Humansville,1988
Still Life,1999
Arrival,1976
Retrospective,2000
It Happened at the World''s Fair,1963
Become You,2002
AWAKE,2005
Songs From The Cattle Camps - Songs in the Saddle,1996
New Skin for Old Ceremony,1974
Bedlam Ballroom,2000
Wanted,2003
Maximum,2002
Finyl Vinyl,1984
One Second,1997
Coming Around,2002
Comfort Eagle,2001
Disco Fox Party Classics,2005
Love Gun,1977
Tomorrow Is a Long Time,1999
Acoustic,1995
Shock Denial Anger Acceptance,2004
This Side,2002
Michael W. Smith 2,1984
Ezra Stone Volume 1,2004
The Five Blind Boys from Alabama,1970
Live at the Whiskey a Go-Go,1988
Live from the Road,2003
Up,1998
Mob Rules,1981
Supertramp,1970
Closer To Home,1992
More of Something Else,2005
Country Livin',1988
Boys for Pele,1996
Life Is A Dance (The Remix project),1989
Disappear,2001
Ritchie Blackmore''s Rainbow,1975
Culmination,1974
My All Time Country Favorites,1962
My War,1984
The Road Not Taken,1989
New Miserable Experience,1992
This Time... It''s Personal,2000
Dance of Death,2003
Guaranteed To Blow Your Mind,1997
Life Won''t Wait,1998
Ungu,1994
Born Again,1983
Girls of Grace,2002
Yodels His Favorites,1965
Country Way Of Life,1995
Another Ticket,1981
Kafka,1996
Nearly God,1996
Forest Enter Exit,1993
The Dreaming,1990
Bayou Country,1969
Steve Conn: Steve Conn,2003
Flaming Star,1969
1996,1996
Dusty in Memphis,1969
Siamese Dream,1993
Celebrity,2001
Tormented,1996
Say Your Prayers,2002
Fever,2002
Jamu Dreaming,1993
A Soft Wind Blows,1998
True Convictions,1963
Elvis Sings for Children and Grownups Too!,1978
16 Top Tracks,1988
Vanishing Lessons,1994
The Ultimate Sin,1986
Talking Voice Vs. Singing Voice,2005
Reba,1988
Elvis Today,1975
Danzig,1988
Please Don''t Stop Loving Me,1979
Hughes/Thrall,1982
Time Honoured Ghosts,1975
Tunnel of Love,1987
Drastic Measures,1983
k.d.lang U.S.A 1993,1993
The Keys to the Field,2001
Fallen Angel,1978
Les Chants Magnétiques,1981
Bedtime Story,1987
War Heroes,1972
Ocean Beach,1995
German Afternoons,1986
Burning Japan Live,1994
Free To Fly,2002
Barclay James Harvest,1970
Elvis Presley La Legende Romantique 1954-57,1998
Here''s To Veterans,1973
Yeah!,1998
hours...,1999
Golden Hits,1989
Fun With Sound,2004
Go West Young Man,1990
Disintegration,1989
Green River,1969
12 Picks,1997
Pictures of Starving Children Sell Records,1986
All My Real Friends,2004
In a Reverie,1999
Neon City Light,1992
'05/03',2003
December,1998
Brown,1996
Mark Farner,1977
A Song for XX,1999
Born To Die,1975
Seventh Key,2001
Rock And Roll Over,1976
GN''R Lies,1988
Songs for a Blue Guitar,1996
Music To Paint By:  Still Life,1999
Prime Prine,1975
Slam,2002
Higher Ground,2002
Out in the Country,2001
The Tragically Hip,1987
Day For Night,1994
Tenacious D,2001
Pound For The Sound,2001
For You,1978
Kedua,1990
Brave and Crazy,1989
Takin'' Texas to the People,1976
Flex,1979
O How The Mighty Have Fallen,2005
461 Ocean Boulevard,1974
Taxidermy,2000
King Of Kalgoorlie - Stories I Wanted to Tell,1996
Ya Omrena,1993
Everyone Is Everybody Else,1974
A Christmas Gift,1998
Ou818,1989
Southern By The Grace Of God - Tribute Tour 1987,1988
Love Songs,1988
Crystal Lady,1974
Darkness on the Edge of Town,1978
Beatlemania,1995
Frehley''s Comet,1987
Word Gets Around,1997
Another Night In Tahoe,2002
Van Halen III,1998
Some Kind Of Wonderful,1991
Analogue Bubblebath III,1992
Elvis Sings The Blues,1983
Atomic Ro-o-oster,1970
The Pipes of Edinburgh,1969
Songs of Inspiration Vol 2,1992
Shawakna,1989
Elvis Presley Collection Fun at the Movies,1998
Audio Adrenaline,1995
TYCO,2001
Rock and Roll Strategy,1988
Analogue Bubblebath IV EP,1994
Pisces Iscariot,1994
The Greatest Fits,2001
Heartaches,1985
Five Smokin'' Tracks From...Lit,1995
Call of the Harvest,2005
Welcome to Wherever You Are,1992
Deviant,2000
Contacto Espacial con el Tercer Sexo,1996
Something to Write Home About,1999
Inspirations,1980
80''s Megamix,2004
Caught In The Act,1975
Live At The Omni,1997
No Name Face,2000
...And The Circus Leaves Town,1995
Elvis At The International,2002
Live at the City San Francisco 1979,2001
Dog in the Sand,2001
Jordan''s Sister,1999
The Scabs - More Than a Feeling,1999
Elvis Presley La Legende Romantique 1960-61,1998
REO Speedwagon,1971
Elvis At His Best,1981
Everybody Makes Mistakes,1999
Strangeways Here We Come,1987
I Am a Soldier,1991
Planet P Project,1983
Lying to the Moon,1990
Sound of the Champions,1971
Discovery,1979
The Definitive Tom Jones 1964-2002,2003
Shock Me,1994
16 New Gospel Songs,1978
Home,1999
Erotica,1992
Younger Than Yesterday,1967
Like The Wind,1983
Within the Ancient Forest,1996
Elettrodomestico,1997
Gimme Fiction - MusicBrainz,2005
Kick,1987
Live At The Talk Of The Town,1967
Live at Antones May 25,2001
Aqualung,1971
Mutiny on the Bay,2001
The War Of Art,2001
The Verve Pipe,1999
The Virgin Suicides,2000
Rarities,1982
Avant Hard,1999
The Ego Has Landed,1999
Over-nite Sensation,1973
California Holiday EP,1967
Doc at the Radar Station,1980
Wake Up / Closer To Home,2003
Punk In Drublic,1994
Tyranny,1998
Mountain Songs,1964
Foolish Unfoolish: Reflections of Love,2002
Miles Away,2003
Elvis Presley The King Of Rock''N''Roll,1983
Road Of Life,1974
Special Delivery From Elvis EP,1982
Mel Tillis and Friends,1978
Breakdown,1999
Elvis Talks on Tour,1999
Temple Of The Dog,1990
A Golden Field Of Radioactive Crows,2001
We Will Stand/Yesterday and Today,1994
Uneasy Listening,1999
Debut Album (or Tracy Chapman),1988
Live!! N''rG,2003
On Stage,1977
Little Songs,1999
Slide It In,1984
Desire Road,1997
The Rising Tide,2000
I Bificus,1998
Being There,1992
Always On My Mind,1997
Champions Supreme,1963
Country Hits Vol. 1,1965
Believe,1998
Stuff,1997
Tago Mago,1971
The Whole Truth,1995
Life,1995
Defying Gravity,1999
Thick As A Brick,1972
Both Sides Of People!,1969
Bachman-Turner Overdrive,1973
English Rebel Songs,1988
David Baerwald and the New Folk Underground (featuring Will Sexton): A Fine Mess,1999
Unplugged,1996
Free Flying Soul,1996
One Nite Alone,2002
And All That Could Have Been,2002
Habibi,1991
The Empire Strikes First,2004
Elvis Presley EP,1956
K.D. Lang Songs for Swinging Lovers,1993
Las Vegas Midnight Show,1971
Live In Australia,1978
INXS,1980
The Penolope EP,1999
Parallel Tracks,2003
Our Taste in Piping,1981
Weathered,2001
Serving 190 Proof,1979
Brian Boru Irish Pipe Band 40th Anniversary,2003
Heroine,1996
Over The Top,1979
The Standards,2001
Dragonheart,2003
Throwing Copper,1994
The Legendary Slim Whitman,1998
Road Apples,1991
Suedehead: The Best of Morrissey,1997
Then And Now,1998
Father and Son,1973
Living In The Past,1972
frogstomp,1995
Black Moon,1992
Slang,1996
Spheres 2,1994
The Beautiful Letdown,2003
Chaos And Creation In The Backyard,2005
Drowning With Land In Sight,1994
Stray Cats,1981
Nothing To Hide,1973
Crash Landing,1975
Men from Nulla Nulla The,2001
In Session,2004
Blow It Out Your Ass,1996
Louisiana 55,2002
Having Fun on Stage With Elvis Volume 3,2000
Is Everybody Listening?,2001
The Storms Of Early Summer: Semantics Of Song,1998
Adventures in Black Sunshine,2004
Hatebreeder,1999
Elvis'' Greatest Moments in Music,1979
Songs of Leonard Cohen,1968
Scenes from Nowhere,2000
It Won''t Be Christmas Without You,2002
All Star United,1997
Playing With Fire At The Louisiana Hayride,2001
Dysfunction,1999
Maybellene,2002
Alive in Hell,1987
Reintarnation,2006
Any Way You Want Me EP,1956
Plan to Take Over the World EP,1999
King Biscuit Flower Hour Presents,1997
Creatures Of The Night,1982
Mutter,2001
The Anniversary Collection,1993
Elvis Presley Programme Plus Vol. 1,1985
Riot Act,2002
Dinner At The Ritz,1976
Under Cover 2,1999
When The Pawn...,1999
Octopuss,1983
Polka Party,1986
People Are People,1984
Two Highways,1989
The Hollywood Sessions,1988
Fumbling Towards Ecstasy,1993
Dark Side Of The Moon,1973
The Hampton Concert,1993
Year Zero,2007
Who Do We Think We Are?,1973
John Anderson,1980
Songs of Faith and Devotion,1993
The Last Rebel,1993
Joyful Noise Unto the Creator,1992
Hello Memphis,1997
Musical Memories of Australia,1962
Aaliyah,2001
Leftovers,1981
the 3D ep,2001
Uncle Pen,1972
Girl Happy at The Worlds Fair,1997
Off The Record vol. 2: Live Duet Recordings 1963-1980,1993
Between Takes,2004
Kings of Gangster Bop,1991
Walkin'' After Midnight,1991
Columbia Historic Edition,1984
First Visit To Britain,1960
Wonderwall Music,1968
The Passionate Kind,1992
Beyond Mirth Live At Maxwell''s,2004
Chronicle Kings,1999
Standing Room Only Volume 2,1994
The Wallflowers,1992
Soulfly,1998
Brother''s Keeper,1995
Christina Aguilera,1999
Bent Out Of Shape,1983
One Night With Elvis,1985
What Livin''s All About,1998
History of a Hoodlum,1997
He Walks Beside Me,1978
Camoufleur,1998
MTV Unplugged in New York,1994
King Creole Volume 2 EP,1958
Take These Chains From My Heart,1992
In Love With Elvis,1986
Melody,1994
Live Era ''87-'93,1999
The Man Who Sold the World,1970
Songs From The Saviour Vol. 1,1972
Elvis On Tour Camera and Microphone Rehearsal,2000
Court and Spark,1974
In Time: The Best of R.E.M. 1988-2003,2003
Great Performances,1989
13 Smash Hits,1967
Silver Side Up,2001
Vegas Memories 8.15 pm,1995
The Cream Of Culver City,1998
B-Sidor 95-00 (2000),2000
Meat is Murder,1985
Come An'' Get It,1981
Pussy Whipped,1993
Controversy,1981
Blue Hawaii,1961
Live - Volume 1,2001
Thunderbyrd,1977
Piece of Mind,1983
Ram,1971
KLa,1989
Oh What a World,2000
Bethlehem,1978
Tales From Puddletown,2003
Swing When You''re Winning,2001
Good Times,1968
A Different Kind of Tension,1980
Holy Man,2002
Chinatown,1980
Back With a Heart,1998
Lost Together,1992
Introducing The Whitlams,1993
Dans les Faux Puits Rouges et Gris,1991
Nazra,1991
Front Yard Luge,1999
Victory Gardens,1991
A Country Christmas with Slim Whitman,1987
American Life,2003
The Pipes and Drums,1976
Pandawa Lima,1997
Clumsy,1997
Amused to Death,1992
Lets Do It For Johnny,2000
Pop,1997
Songs From The West Coast,2001
Champions of the World,1971
Modern,1999
Elvis in Hollywood,1976
Bestbreeder from 1997 to 2000,2003
Your Mama Won''t Like Me,1975
Physical Graffiti,1975
Shabooh Shoobah,1982
Violator,1990
What A Night,1979
Offerings,2000
Mosaic,2000
I Can Help And Other Great Hits,1984
Elvis Presley Double EP,1956
L''une,1995
Rise,2002
A Salty Dog,1969
Silent Radar,1998
UB40 Present The Fathers of Reggae,2002
The Complex,2003
It Makes Me Feel So Good,1976
Better Days,1981
If I Never Stop Loving You,1998
Pennywise,1992
You Gotta Say Yes to Another Excess,1983
Fly on the Wall,1985
Just Say Ozzy,1990
Wake Up,1989
Ruby Soho,1995
Everyday,2001
Best of Hakim,1999
Fragments of Freedom,2001
Best Of,2003
Business As Usual,1982
Revealed And Worshipped,2004
Best of the 70''s,2000
Time Bomb,1995
Marching with the Pipes,1966
Living with ghosts,1997
I''m with Stupid,1995
BOC Productions,2001
Best Of The Velvet Underground (Words And Music Of Lou Reed),1989
KISS,1974
For LP Fans Only Album Remastered,1989
Southpaw Grammar,1995
Sold,1998
Joan Baez/5,1964
Hold your Fire,1987
G. I. Blues,1960
18 Greatest Hits,2000
Live At The Opry,1989
Victims Of Circumstance,1984
Puttin'' in Overtime,1995
Second Helping,1974
All That You Can''t Leave Behind,2000
Ian Moore''s Got the Green Grass,1999
For Unlawful Carnal Knowledge,1991
Dissimulate,2002
Go Plastic,2001
Satisfied Mind,1996
Crash,1996
Life In San Antonio,2002
Recorded Live On Stage In Memphis,1974
The Last One To Know,1987
Way Home,2005
Star Folk With Barry McGuire,1965
Always Got Tonight,2002
Ten Years After,1987
You Can Know Danger,2006
Here,2004
Driving Rain,2001
Heart and Soul,1997
The Rambler,2002
Elvis Gold Records Volume 5,1984
Bone White Haze,2001
A lonesome Cowboy,1969
Eric Clapton''s Rainbow Concert,1973
Sweet Affection,1996
Alive II,1977
The Promise,1991
Head Over Heels,1995
2 Years On,1970
The Last Show,1995
Orion Sings Elvis The Last Recordings,2000
The Atlantic Years,1991
It Was the Best of Times,1999
The Calling,2004
Elvis Presley A Portrait In Music,1973
La Diva,2003
Bella Donna,1981
Fin De Siecle,1998
The Good Catches Up,1995
Creedence Clearwater Revival,1969
Double Features Frankie and Johnny Paradise Hawaiian Style,1993
One Night In Alabama,1999
Stiff Upper Lip,2000
Not a Kid Anymore,1994
Circle of Snakes,2004
Chronicles,1990
The Blue Room,1999
Mississippi Versus Alabama,1992
*Gold* Anniversary Edition,1995
Catch The Catch,1986
Whitesnake (1987),1987
Time Permitting,1995
Cult Of Luna,2001
Masterjam,1979
Caught in the Light,1993
Olurum Sana,1997
Wheatus,2000
American Trilogy,1981
Dixieland Rocks,2001
Movement,1981
Red On Blue,1998
Greatest Hits European,2004
That''s The Way It Is,1970
Saw Delight,1977
Common Sense,1975
Dynasty,1979
And the Crowd Goes Wild,2003
I Honestly Love You Her Greatest Hits,1995
Weird Al Yankovic,1983
Cameo,1973
Mirror Ball,1995
Hell Freezes Over,1994
Moving Pictures,1981
Snowbird,1971
A Boy Named Goo,1995
Free as a Bird,1987
Live At The Hammersmith,1998
I Got Lucky,1971
Anthology Collection,1992
Too Much Too Soon,1974
The Great Escape,1995
Wild and Blue,1982
An American Prayer,1995
An aching and a longing,1989
Sweet Carolina,1991
My Early Burglary Years,1998
For The People,2006
Lost and Found,2005
Grace,1991
50 Cent Is The Future,2002
Heaven and Hell,1980
Act of God,1997
I Feel for You,1984
Goodbye,1969
Live Like You Were Dying,2004
He Touched Me,1972
Night Food,1976
Under Wraps,1984
The Wind &amp; the Wheat,1987
Can''t Buy a Miracle,1988
White stones,1997
Tour De Force,1983
I Get Wet,2001
One Night in Vegas,2002
N.E.W.S.,2003
Ignition,1997
Sid Sings,1979
Movin'' On,1978
Heart Full of Blues,1985
Champions du la Monde,1974
We Love Elvis,1987
Elvis In Nashville,1988
Let''s Make Sure We Kiss Goodbye,2000
Old Ramon,2001
Permanent Happiness,1996
In The Trees,1993
Naveed,1994
Shadow Gallery,1992
Forget About It,1999
Sampler,1963
Who Am I,1969
Dead Set Certainty,1999
I Didn''t Jump the Fence,1967
Songs Of Australia,1964
Room V,2005
Rod Stewart and the Faces,1972
Live ''84,1984
Thinks: School Stinks,1970
Underneath,2001
Rainbow Bridge,1971
777 - I Luciferi,2002
Hymns From the 49th Parallel,2004
The Audio of Being,2002
Uncle Duke,2000
On The Third Day,1973
Review of The Tension &amp; The Spark by Darren Hayes,2004
Just Another Injustice,1988
A vs Monkey Kong,1997
Bare Back Rider,1973
Same Old Tunes,1994
Dishpan Brigade,2003
The Spirit of Australia,1999
Live ''88,1988
Murray Street,2002
Fuaim,1982
Cosmo''s Factory,1970
Weezer (Blue Album),1994
Music To Paint By:  Electric Blue,1999
It''s For You EP,1964
8701,2001
Superstar Car Wash,1993
Lick It Up,1983
Cinemascapes,2001
Binaural,2000
August and Everything After,1993
Tierra,1994
You''d Prefer An Astronaut,1995
The Gold Collection,1996
Death of a Ladies'' Man,1977
Roorback,2003
Minstrel In The Gallery,1975
It''s a Man''s World,1996
Industrial,1991
It''s Now Or Never EP,1970
Grapefruit,1997
The Places You Have Come to Fear the Most,2001
Ancient Dreams,1988
Ayamna,1992
In Hearing of...,1971
Made in England,1995
Elvis Christmas Classics,1990
Rock ''N'' Roll No.2,1981
Roots,1996
A John Prine Christmas,1994
Having Fun on Stage With Elvis Volume 2,2000
Home,1970
Home From Home,2002
When It Falls,2004
Beautiful Intentions,2005
Demons and Wizards,1972
Lost and Gone Forever,1999
Martyn Joseph,1995
The Paul Simon Songbook,1965
Speak Of The Devil,1982
Los Angeles Police Pipe Band,1985
In The Hot Seat,1994
Ice on Fire,1985
Recorded Live at Love Fellowship Tabernacle,1998
Loving You Volume 2 EP,1957
Amycanbe,2005
The Colour And The Shape,1997
Can the Can,1973
Exit... Stage Left,1981
Cool Yule,1999
The Process,2000
Korn,1994
Blue Lines,1991
Live In Germany 1976,1996
The Original Five Blind Boys,1959
One Second,1987
Stricks and Stones,2002
Even Cowgirls Get The Blues,1993
My It''s Been A Long Time,1998
Heavier Than Air,1998
Purple Rain,1984
Let Go,2002
Home is Where My Feet Are,2002
Ballads: In Quieter Moments,1986
Rage Against The Machine,1992
All Things Are Possible,1995
Said and Done,1995
Harder... Faster,1979
Full Shilling,1995
Jo Dee Messina,1996
Mello Day,2003
A-acayipsin (Oh - You''re Something Else),1994
Sea Change,2002
On Time,1969
Mouhtagalak,2000
Spiral,1990
2000,2000
Shenanigans,2002
The Trumpet Child,2007
Heart Attack,1983
Mardi Gras,1971
Seventh Son of a Seventh Son,1988
Good Rockin'' Tonight EP,1957
One Lie Fits All,2003
Shania Twain,1994
Leather Jackets,1986
The Red Shoes,1993
Purge,2001
Elvis Sings Country Favourites,1984
Classics Vol 9,1990
Mandy Moore,2001
Kevin''s Celtic &amp; Folk Music CD Reviews,1994
Understand This is a Dream,1999
Memory Almost Full,2007
Let''s Dance,1983
Love Letters From Nevada,1995
Always,1993
The Notorious Byrd Brothers,1968
Chasing The Sun,2001
Live Wizardry,1988
Reborn,1979
Streets Of Mercy,1987
Duck And Cover,1998
Stand Up,1969
The Beyond,2003
Night Of The Living Dregs,1979
Favorites at Play,2009
Poem,2000
Permanently,2000
i 2 (EYE),1988
Diorama,2002
Country Magic,1973
Save Me,2004
Lou Barlow and His Sentridoh,1995
Daybreaker,2002
Quiver,1998
Prime Cuts,1987
Her Master''s Voice,1990
Get Ready,2001
Along Came Jones,1965
Hail To The Thief,2003
The Beautiful And The Damned,2002
Gun Running,1975
Elvis TV Special,1968
We Love Elvis Vol.2,1989
Procol''s Ninth,1975
Real Gone,2004
Rock Therapy,1986
I Wanna Be A Rock ''n'' Roll Star,1971
The Way it Was,2001
The Man With the Singing Guitar Volume 1,2004
Elvis On Tour,1998
Fly Away,2003
Rare Tracks,2004
Quality Softcore,1997
Skinny,1998
Tom Jones Greatest Hits,1973
Trav''lin'' Light,1999
Soul Shakedown,1969
Whisper Supremacy,1998
Ugly Americans,1993
The White Songbook,2001
Mission Earth,1986
Gold of the King CD-4,2005
Live at Budokan,2004
Good Rockin'' Tonight The Evolution of Elvis Presley Vol. 1 and 2,2000
Winds Of Heaven...Stuff Of Earth,1988
Knee Deep In Blue Grass,1958
Way Of Life,1996
Divided We Stand,1989
Out Of Control,1980
Die ersten 20 Chart Hits,1990
16 Greatest Love Songs,1997
The Missing Years,1991
Blow Up Your Video,1988
Brand New Man,1991
March Past,1976
Blue Hawaii EP,1967
Anywhere But Here,2002
Strickly Elvis EP,1957
Sensual Being,2002
Nation,2001
Love Me Tender EP,1956
Chagall Guevara,1991
Wild-Eyed Southern Boys,1980
The New America,2000
Three Fish,1996
Something for Everybody,1961
Country Hits Vol 2,1965
The Serpentine Similar,1993
Freaks Of Nature,1995
Elvis On Stage Remastered With Bonus Tracks,1999
Grave Dancer''s Union,1992
Au Nom de L''amour,2001
Just Another Injustice / Some Kind Of Wonderful,2003
Love Me Tender,1987
Big Bad Voodoo Daddy,1994
28 Days,1998
The Tide of Life,1979
The Glory of Australia,1999
Underdog,1999
Learning to Breathe,2000
Static,1998
Live by Request,2001
News of the World,1977
Return To Sender,1981
Set This Circus Down,2001
What A Day,1973
Renegade,1982
Wings Of Praise,1987
Tweekend,2001
Beautiful Feelings,1984
Trouble at the Henhouse,1996
Fly,1999
Murmur,1983
Lost Brotherhood,1990
heavenly,1995
Since August,2001
Various Positions,1985
Trout Mask Replica,1969
Sleepyhead,2002
Phoenix,1972
Tiptoe through the Tulips: Resurrection,1987
Deftones,2003
Peep show,2000
Them,1996
Efil4zaggin,1991
The Alternate Aloha,1988
Mull of Kyntire,1978
Where Am I Going,1967
I''d Rather Be in New Orleans,1999
Shepherd Moons,1991
I Love You Because,1982
Rock Steady,2001
Phil Keaggy,1998
Live in Australia with the Melbourne Symphony Orchestra,1987
In My Wildest Dreams,1995
IV,2006
Drums and Wires,1979
Ten,1991
Celebrate And Party,1992
Know Your Enemy,2001
Criminal Injustice,1994
All the People are Talkin',1983
The Beatles 1967-1970,1973
Live in Concert,2000
Totally Hot,1978
There''s Beauty In The Purity Of Sadness,1994
If You Knew Suzi,1978
Space Traveler,1976
Recent Songs,1979
neutralmonism,2004
Confrontation,1983
Crying Time In Vegas,1994
Don''t Forget to Pray,1994
The Cisco Kid Strikes Again,1997
16 Gems,1996
Live... In The Heart Of The City,1980
Sahara Snow,1997
Wildwood Trail,2006
Coming On Strong,1999
Mirror Man,1971
World Dance Music,1984
Kiss Me Kiss Me Kiss Me,1987
Pathogenic Ocular Dissonance,1992
A Closer Walk With Thee,2002
The Nature of the Beast,1981
Flaming Pie,1997
I''m Counting On You EP,1982
Somethin'' Bout You Baby I Like,1974
Run On,1998
Live At The Monterey Pop Festival 1967,1970
Candy from a Stranger,1995
The Horse''s Prayer,2003
Lucy,2001
Gospel Hard Rock,1971
Nickel Creek,2000
It''s Personal,1981
One Careful Owner,1994
I''ll Lead You Home,1995
The Originals,1976
reEmerging,2000
Exit 0,1987
Special Order,1985
All Music Guide: Brian Eno - Box II: Vocals,1993
Keep Your Receipt EP,1997
Strange Kind of Love,1988
Dirty Sweet EP,2003
Bone Against Steel,1991
Live at the Roxy,1991
Monolith,1979
New Favorite,2001
Elvis Presley Onvergetelijke Hits,1982
Clams Got Bootlegs,1988
Jailhouse Rock EP,1957
New Way to be Human,1999
Big Fun,1988
Sweet Sixteen,1988
Greatest Hits II,1991
Untitled,2002
Guitar Man,1981
Music To Paint By:  Splash,1999
Rock ''n'' Roll Sppok Party,1998
Full Circle,1994
High Spirits,1998
Cheer Up,2002
Early Orbison,1964
Abandon,1998
Slim Whitman Yodels,1958
21 at 33,1980
Save His Soul,1993
Return Of The Manticore,1993
Down To Earth,1979
By Request,1999
Give It All Up,1994
Lullabies for Little Albert,2002
Master Of Reality,1971
Say It To My Face,2001
Straight On Till Morning,1997
Friday''s Child,2003
The Beatles Tapes III: The 1964 World Tour,1995
Tilt,1999
Dregs Of The Earth,1980
Believe,2002
No Substance,1998
Morbid Tales,1984
Wild Thing,1984
No Fences,1990
24 Karat Gold,1997
Sweet Freedom,1973
Tramission EP,2002
Razorblade Suitcase,1996
System of a Down,1998
There''s Always Me Volume 2,1995
The Science of Things,1999
Heirlooms: The Complete Atlantic Sessions,2000
Celtic Collections: Altan,1996
Elvis by Request EP,1961
King Biscuit Flower Hour Presents Kansas,1998
Relativity,1986
Evol,1986
Making a Good Thing Better,1977
Elvis for Everyone,1965
HOFX,1996
California Screamin',2000
Rated R,2009
The Endless Dream,1999
Holdin'' On,1997
Squawk,1972
I''ll Make It Alright,1994
All-Time Greatest Hits,1994
Planet Helpless,2002
gfc Live,2003
The Eleventh Hour,2002
Chaka,1978
Capital Parade,1975
Salisbury,1971
Debut,2002
Pipes and Drums of the Scottish Borders,1975
Ringer From The Top End,1993
Pure Diamonds Volume 1,1989
All My Senses Are Senseless Today,2004
Futures,2004
And all the Colors,2000
Songs of Love and Hate,1971
C. K.,1988
Difinitive Collection,2000
Music From The Elder,1981
With Love and Kisses From Tiny Tim / Concert in Fairyland,1968
Fear of the Dark,1992
Time To Mourn,1999
Live,1999
Let''s Get It Right the First Time,1998
Selected Ambient Works 85-92,1993
Pop Smear,1993
Breakfast In America,1979
From Las Vegas To Niagara Falls,1979
Shhh,1992
Sweet Home Alabama,1998
Babysteps,2000
Bucky,2007
Live in Europe,1974
Undertow,1993
Pelle,2000
Christmas,2000
Whole Story,1990
Best Of,1997
Beethoven Was Deaf,1993
Indestructible,2003
Modern Classics: The Greatest Hits,1998
Tamally Maak,2000
Brother Where You Bound,1985
ep,1999
Black Aria,1993
Second Sighting,1988
Slainte - Best of New Zealand Piping Vol. 1,1980
Bursting Out - Jethro Tull Live,1978
Relics,1971
Raging Silence,1989
While You Were Out,1986
Who Was That Masked Man,1999
Prisoner of Love,1996
All Funked Up,1975
Half Hour of Power,2000
Never Mind The Ballots,1987
In Concert at the BBC,1972
Warning,2000
Greatest Hits,1987
One Size Fits All,1975
Stone Hill,1985
NWA and the Posse,1987
Beatles Tapes IV: Hong Kong 1964,1997
Live Stuff,1999
So What if We''re On Mystic!,1986
Finest Hour,2000
Electric Waco Chair,2000
Best of Yazoo,2000
Exhumed of the Earth,1993
Orchid,1995
Sleep Dirt,1979
Selected Ambient Works Volume 2,1994
White Ladder,2000
Dalton Grant,2002
Shame,1993
Dust Blows Forward,1999
I Choose You,2004
Skylarkin,2002
Very Early Recordings,1980
Live at Madison Square Garden,2000
7th Anniversary Best,2002
Only Forever,1998
Jollification,1994
We Are Flying Machines,2004
Like A Smoking Gun In Front Of Me,2005
Affirmation,1999
Del Dragons - Southern Jumbo,1997
Time For Cilla EP,1967
Angel Eyes,2004
I''ll Meet You In Church Sunday Morning,1964
Christmas With Elvis EP,1958
Whitesnake,1977
Host,1999
Bridge,2001
Double Dynamite Volume 1,1981
Peachtree Road,2004
Branded Man,1967
Baja Sessions,1996
Baby One More Time,1999
Aimless Love,1984
History,1992
Classics,1989
New Dogs Old Tricks,2004
The Boat Ashore,1996
Epicus Doomicus Metallicus,1986
Hot,1997
16 Early Hits,1977
Read My Lips,2001
Best Plus Live,2002
Take Off Your Jackets and Pants and Jacket,2001
The Dream Of The Blue Turtles,1985
King''s X,1992
The Very Best Of UB40 1980 - 2000,2000
Best of My Heart,1999
Live ''n'' Well,1996
Draconian Times,1995
Human Clay,1999
Kairos,2002
Double Platinum,1978
I''m Your Man,1988
Nothing Gold Can Stay,1999
Shades of a Blue Orphanage,1972
Electric Jewels,1974
Meltdown,2004
Live at Madison Square Garden Volume 2,2001
Look at Yourself,1971
I''ve Suffered a Head Injury,1992
Power Supply,1980
Winter Blues,1999
Music Makes My Day,1973
Never Enough,1992
Another Quiet Sunday,1990
Hometown Memphis,1993
Backstage With Elvis,2001
Loose Nut,1985
Long Time Coming,2000
Nonsuch,1992
Mercury Falling,1996
This Beautiful Life,1999
Microscopic View of a Telescopic Realm,2001
J to Tha L-O!: The Remixes,2002
Willy And The Poorboys,1970
Yesterday,1975
Sentimentally Yours,1962
Having Fun With Elvis on Stage,1974
Silvertone,1985
Natural High,1994
Silver,1994
Aussie Sing Song,1962
Elvis Presley La Legende En Concert International Hotel Las Vegas Vol.2,1999
Everything Sucks EP,1998
Appetite For Destruction,1987
Elvis Presely Best,1989
Centre Stage,2001
1934-1947,1991
Best Of Grand Funk,1990
Think On These Things,1979
Rendez-Vous Avec Elvis 20 Love Songs,1979
Kaya,1978
Equator,1985
In The Sunset,2003
In the Hands of the Lord,1987
Music To Paint By:  Brushstrokes,1999
Louder Than Bombs,1987
Hail To England,1984
Morbid Visions,1986
Vintage Years 1969/70,1976
U And Me And God Make 5,1993
Killswitch Engage,2001
Karma,1999
Grand Funk Lives,1981
Perception,2005
Goldie''s Last Day,1993
Rio,1982
The Big Picture,1986
Elvis Presley La Legende En Concert International Hotel Las Vegas Vol.1,1999
December Dark,1998
Sidetracks,2002
Conscious Consumer,1995
Songs From The Cattle Camps,1968
Sounds of Red Hackle,1984
Night Fever In Vegas,1996
Crevice,1996
The P.M.R.C. Can Suck on This,1987
Pre-Millennium Tension,1996
A Summer''s Tears,2004
Wanted! Mason Proffit,1969
Going Public,1994
Elvis The First Live Recordings,1984
Ramones,1976
18 Great Songs,2001
Angel of the Morning,1982
Freak Show,1997
Legenda - The Concert 1,1991
'99 Ninty Nine,1999
A Christmas Story,1999
Hyacinths and Thistles,2000
Live at Cabaret Metro 10-5-88,2000
